#,Company,Role,Topic,Sub-topic,Difficulty,Round,Question
1,Indium,Data Analyst,SQL,Query Execution Order,Medium,R1 - Technical,"What is the order of execution of a SQL query? Explain where FROM, JOIN, WHERE, GROUP BY, HAVING, SELECT, ORDER BY, and LIMIT fit in this order. Also explain why WHERE executes before window functions but HAVING executes after GROUP BY."
2,Indium,Data Analyst,SQL,JOINs — Types & Output,Medium,R1 - Technical,"Given two tables T1 (IDs: 1,1,1,1,1,NULL) and T2 (IDs: 1,1,1,NULL,NULL), calculate the exact number of rows returned by INNER JOIN, LEFT JOIN, RIGHT JOIN, and FULL OUTER JOIN. Explain the logic behind each output."
3,Indium,Data Analyst,SQL,JOINs — Practical Queries,Medium,R1 - Technical,"You are given Customers(CustomerID, CustomerName) and Orders(OrderID, CustomerID, OrderAmount). Write a query to show each customer name with total order amount. Customers with no orders should show 0. Also find customers who have never placed an order."
4,Indium,Data Analyst,SQL,Self Join,Medium,R1 - Technical,"Write SQL to find: (a) employees who earn more than their manager, (b) employees who share the same manager. Explain what a self-join is and give 3 real-world use cases for it."
5,Indium,Data Analyst,SQL,"GROUP BY, HAVING and WHERE",Medium,R1 - Technical,Does WHERE execute before or after GROUP BY? Explain with an example. Write a query using GROUP BY and HAVING to find departments whose average salary exceeds 6000. Also explain the difference between WHERE and HAVING.
6,Indium,Data Analyst,SQL,"Window Functions — RANK, DENSE_RANK, ROW_NUMBER",Hard,R1 - Technical,"Explain ROW_NUMBER(), RANK(), and DENSE_RANK() with an example. For values {5, 5, 10, 10, 15}, show the output of each function. Write a query to find the top N records per group such as top 2 salaries per department, and also find the 2nd highest salary overall."
7,Indium,Data Analyst,SQL,CTEs and Subqueries,Medium,R2 - Technical,What is a CTE (Common Table Expression)? When would you use it over a subquery? Write a CTE to find the monthly retention rate of users by using the first order date to mark acquisition and checking return visits in subsequent months.
8,Indium,Data Analyst,SQL,"Window Functions — LAG, LEAD and Running Total",Hard,R2 - Technical,Using LAG and LEAD window functions: (a) write a query to calculate revenue delta — the change from the previous day — for a sales table. (b) Write a query for running cumulative total of sales per day within each week where the total resets every week. Handle missing months in the sequence.
9,Indium,Data Analyst,SQL,Deduplication,Medium,R1 - Technical,"You have an employee table with duplicate records. Explain 3 different ways to identify and remove duplicates in SQL using DISTINCT, ROW_NUMBER with CTE, and GROUP BY. Also write a query for a city-pair table where (Hyderabad to Delhi) and (Delhi to Hyderabad) are the same route and remove such symmetric duplicates."
10,Indium,Data Analyst,SQL,"UNION, NULL Handling and SQL Commands",Easy,R1 - Technical,Explain UNION vs UNION ALL with an example. Show how NULL behaves in JOINs and comparisons such as NULL = NULL. Also explain the difference between DDL and DML commands and give examples of each such as CREATE and ALTER vs INSERT and UPDATE.
11,Indium,Data Analyst,SQL,New vs Returning Users,Hard,R2 - Technical,"Given columns user_id, trip_id, trip_request_time, trip_status, country, and city, write a query to find the monthly percentage of new users vs returning users. A user is new in the month of their first trip and returning in all subsequent months."
12,Indium,Data Analyst,SQL,7-Day Window and Cohort Analysis,Hard,R2 - Technical,"Given cust_id, trip_dt, and ride_type: (a) write a query to find users who took more than 1 trip within 7 days of their first trip. (b) Find customers who used more than one distinct ride type within any 7-day window."
13,Indium,Data Analyst,SQL,Market Share and Aggregations,Hard,R2 - Technical,"Given transactions(order_id, merchant_id, brand, category, sales, order_date) and merchants(merchant_id, city), write a query to compute Red Bull market share in the Energy Drinks category by city for last month. Market share equals Red Bull sales divided by total Energy Drinks sales."
14,Indium,Data Analyst,SQL,Consecutive Patterns,Hard,R2 - Technical,"Write SQL queries for: (a) find sales that occurred on 3 consecutive days from a date-and-flag table, (b) find numbers that appear in 3 or more consecutive rows, (c) track a user online streak and identify gap periods with columns GapStart, GapEnd, and Days offline."
15,Indium,Data Analyst,SQL,Set Logic — Exclusive Products,Hard,R1 - Technical,"From a store-product table, write a query to find store IDs that sell ONLY Tea and Coffee and no other product. Extend this to find users who bought ONLY Chocolate and no other product. Also generate all possible match combinations between teams without repeats."
16,Indium,Data Analyst,SQL,Median and Subquery Patterns,Hard,R2 - Technical,"Write a query to calculate the median of a salary or sales column handling both odd and even number of rows. Also write a query to find employees above their department average salary, and calculate department average vs company average per month."
17,Indium,Data Analyst,SQL,YoY and MoM Growth,Hard,R2 - Technical,Write a SQL query to compute Year-on-Year and Month-over-Month growth for revenue using LAG or self-join approaches. Also write a query to find organisations whose sales have consistently grown year over year without any decline.
18,Indium,Data Analyst,SQL,Complex Multi-table Query,Hard,R1 - Assessment,"Given trips_data(date, trip_id, rider_id, status, city_id, trip_amount) and city_data(city_id, city_name, country_name): (a) find the top 3 cities with highest gross booking per country for a given month, (b) find the bottom 3 countries by rider cancellation percentage, (c) find cities with zero completed trips."
19,Indium,Data Analyst,Python,Pandas — Data Manipulation,Medium,R1 - Assessment,"Given a DataFrame with user_id, date, and sales: (a) convert date to datetime, (b) compute total sales per user per month, (c) identify users whose monthly sales declined for 3 consecutive months. Also merge two DataFrames — orders and users — and show each user total order amount sorted descending."
20,Indium,Data Analyst,Python,"Pandas — groupby, pivot and value_counts",Medium,R2 - Technical,"Write Python code using Pandas to: (a) use groupby and value_counts to summarise customer transactions by category, (b) compute total sales, average sales, and max sale per salesperson into a summary DataFrame, (c) filter rows above the group average using groupby and transform."
21,Indium,Data Analyst,Python,Python Basics — Functions and Comprehensions,Easy,R1 - Technical,"Write Python programs to: (a) count word frequency in a string, (b) find all pairs in a list whose sum equals a target, (c) generate squares of a list using map and lambda, (d) check if a number is prime, (e) write a shopping list calculator applying 10 percent discount on items over Rs. 50."
22,Indium,Data Analyst,Python,Python — Data Structures and Error Handling,Easy,R1 - Technical,"Explain: (a) difference between Lists and Tuples in Python, (b) what Pandas and NumPy are used for, (c) what a DataFrame is, (d) how to read a CSV using Pandas, (e) predict the output of try, except, and finally blocks and modify the code so both except and finally execute."
23,Indium,Data Analyst,Python,Python Conditional Logic and Iteration,Easy,R1 - Assessment,"Write a Python program that: (a) randomly selects a number from a list and prints Fizz, Buzz, or FizzBuzz based on divisibility, (b) groups a list of words into anagram sets, (c) given a list of purchases as item-price pairs, computes total spend per item type across all 5 possible types."
24,Indium,Data Analyst,Tableau,LOD Expressions,Hard,R1 - Technical,"What are Level of Detail expressions in Tableau? Write the syntax for FIXED, INCLUDE, and EXCLUDE. When would you use a FIXED LOD over a normal calculated field? Provide a real-world example where you have used LOD expressions in a project."
25,Indium,Data Analyst,Tableau,Filters and Execution Order,Medium,R1 - Technical,"Explain the order of execution in Tableau: Context Filter, Extract Filter, Data Source Filter, Fixed LOD, Dimension Filter, Measure Filter, and Table Calculation Filter. If both a Top N filter and a Context filter are applied, which one runs first and why?"
26,Indium,Data Analyst,Tableau,Dashboard Design,Medium,R1 - Technical,Walk through your step-by-step approach to building a Tableau dashboard. What is the difference between a Live and Extract connection? How do you set up cross-sheet filter actions so that selecting a category in one worksheet automatically filters all other worksheets?
27,Indium,Data Analyst,Tableau,Chart Selection and Google Sheets,Easy,R1 - Technical,"When should you use a line chart vs bar chart vs scatter plot? For each of these scenarios — (a) DAU over time, (b) 3 product categories on a weekly basis, (c) sales seasonality over 5 years — choose the right chart type and justify. Also write a Google Sheets formula to extract distinct IDs and compute revenue sum per ID."
28,Indium,Data Analyst,Product Analytics,Core Metrics and KPI Definitions,Easy,R1 - Technical,"Define and explain the following metrics: CTR, Conversion Rate, CAC, ROI, AOV, Churn Rate, Retention Rate, DAU, and MAU. Given Impressions = 10000, Clicks = 500, Conversions = 50 — calculate CTR and Conversion Rate."
29,Indium,Data Analyst,Product Analytics,Revenue Decline RCA,Hard,R2 - Technical,"Sales and revenue have dropped by 20 percent over the past 2 months. Walk through a complete Root Cause Analysis: how would you structure the investigation, what data dimensions would you slice such as geography, product, channel, and time, and what actions would you recommend at each step?"
30,Indium,Data Analyst,Product Analytics,Metric Drop Investigation,Hard,R1 - Technical,"Uber app orders have suddenly dropped on a normal weekday with no external factors involved. How would you investigate using data? What dimensions would you analyse such as city, driver supply, app version, device, and time of day? How do you distinguish a real business drop from a data pipeline issue?"
31,Indium,Data Analyst,Product Analytics,CTR and Campaign Analysis,Medium,R1 - Technical,"CTR for an ad campaign has dropped. How do you diagnose this? Given a CTR trend that is spiking, dipping, flat, or volatile, how do you interpret each pattern? If you want to prove a coupon campaign is running successfully, what metrics and data would you use to validate it?"
32,Indium,Data Analyst,Product Analytics,A/B Testing,Medium,R1 - Technical,"Your website has implemented a new search box. How would you prove it is working effectively? Design an A/B test by specifying what parameters you would track, what your null hypothesis is, how long you would run the test, and how you would determine statistical significance using a p-value."
33,Indium,Data Analyst,Product Analytics,Cart Abandonment Analysis,Medium,R1 - Assessment,"Calculate the cart abandonment rate for an e-commerce platform. Explain what tables and fields you need, what the formula is using total carts vs orders placed, and how you would analyse customer behaviour after abandonment to generate actionable business insights."
34,Indium,Data Analyst,Product Analytics,Executive Dashboard Design,Medium,R2 - Technical,"You are building a real-time dashboard for the CEO of Uber, Swiggy, or Zomato. What KPIs would you include such as GMV, DAU, cancellation rate, average order value, and NPS? How would you prioritise metrics? If you could show only ONE metric to the CEO, what would it be and why?"
35,Indium,Data Analyst,Product Analytics,Market Expansion Analysis,Medium,R2 - Technical,"A brand successful in Bangalore wants to expand to Hyderabad. As an analyst, what key metrics and factors would you evaluate before approving the expansion such as market size, competition, demographics, logistics, and pricing? How would you structure your recommendation to leadership?"
36,Indium,Data Analyst,Product Analytics,Ride-hailing KPIs and Operations,Medium,R1 - Technical,"As a Data Analyst at a ride-hailing company: (a) what daily KPIs would you track such as demand, supply, acceptance rate, completion rate, ETA, and cancellations? (b) 30 percent of new drivers are absent during onboarding — what are your top 3 hypotheses and what data would you analyse to validate each one?"
37,Indium,Data Analyst,Product Analytics,Product Launch and Strategy,Hard,R3 - Technical,"You are a DA at Spotify. A new app update removes certain features. Design the launch strategy including rollout phases, A/B test design, and key metrics to track pre and post launch. After launch, feedback is 40 percent positive, 30 percent neutral, and 30 percent negative — what conclusions do you draw and what actions do you take?"
38,Indium,Data Analyst,Product Analytics,Fraud Detection,Hard,R1 - Technical,"As a DA at Uber: (a) what signals indicate fraudulent trips such as GPS spoofing, fake trips, repeated rider-driver pairs, and abnormal fare, distance, or duration? (b) Given a rides table with pickup time, drop time, and amount, how would you identify fraudulent activities and prioritise suspicious cases for review?"
39,Indium,Data Analyst,Product Analytics,Churn and Retention,Hard,R3 - Technical,Jio SIM churn rate is increasing. What factors could cause this? How would you measure churn rate precisely? What strategies would you recommend to reduce it? Also define what a Retention Metric is and give a concrete example from a ride-hailing context.
40,Indium,Data Analyst,Product Analytics,Fermi Estimation,Hard,R3 - Technical,"Answer these estimation questions: (a) How many flights can land at an airport with one runway in 24 hours? (b) Estimate the number of red Maruti Indica cars on Hyderabad roads in a day. (c) You have a Rs. 50 crore budget for a music event — what metrics such as capacity, ticket price, costs, and break-even would you evaluate before committing?"
41,Indium,Data Analyst,Product Analytics,Stakeholder Communication,Easy,R1 - Technical,"If the marketing, business, and product teams all request urgent reports at the same time, how do you prioritise? Your dashboard shows two different values for the same metric — how do you investigate and decide which is correct? How do you convert a SQL output into a meaningful business insight that operations teams can act on?"
42,Indium,Data Analyst,Statistics,"Mean, Median, Mode and Skew",Easy,R2 - Technical,"Differentiate between mean and median. If data is right-skewed, which measure of central tendency is more appropriate and why? If a constant r is added to every value in the dataset, how does mean, median, and mode each change? Explain how outliers impact each measure differently."
43,Indium,Data Analyst,Statistics,p-value and Statistical Testing,Medium,R2 - Technical,"What is a p-value and how is it interpreted in hypothesis testing? What statistical tests have you used such as t-test, chi-square, or ANOVA? How did each test help solve a business problem or reduce testing time? What type of data is required for each test?"
44,Indium,Data Analyst,Statistics,Missing Values and Data Validation,Medium,R1 - Technical,"How do you handle missing values in time series data using techniques such as imputation, forward fill, and backward fill? How do you validate data before sharing a report by checking for NULLs, duplicates, spikes, and broken joins? How do you handle a situation where data is not yet received before a scheduled dashboard delivery?"
45,Indium,Data Analyst,Statistics,"Percentages, Ratios and Logical Reasoning",Easy,R1 - Assessment,"Revenue increased from 4B to 4.5B. Someone claims this is a 15 percent increase — what is incorrect? Calculate cancellation percentage, conversion rate, Week-on-Week change, and Month-on-Month change. A company reports two different ROI values — how would you investigate which one is correct?"
46,Indium,Data Analyst,Data Warehousing,"Star Schema, Fact and Dimension Tables",Medium,R2 - Technical,What is a Star Schema vs Snowflake Schema? Which do you prefer in a large-scale analytical system and why? Define Fact Table and Dimension Table with examples drawn from a ride-hailing or e-commerce context.
47,Indium,Data Analyst,Data Warehousing,"SCDs, ETL and Query Optimisation",Hard,R2 - Technical,"Explain Slowly Changing Dimensions of Type 1, Type 2, and Type 3 with examples. Walk through the ETL process covering Extract, Transform, and Load stages. What are best practices for data validation and quality in ETL? If your ETL job suddenly takes 3 hours instead of 30 minutes, how would you troubleshoot and optimise it?"
48,Indium,Data Analyst,Data Warehousing,Cloud Warehouses and Partitioning,Medium,R2 - Technical,"Compare Snowflake, Amazon Redshift, and Google BigQuery on scalability, cost, and use cases. What is the purpose of Virtual Warehouses in Snowflake? How does data partitioning improve query performance in data warehouses? When would you use Parquet format in AWS and how do you optimise Apache Spark jobs?"
49,Indium,Data Analyst,Behavioural,Introduction and Project Walkthrough,Easy,R1 - Technical,"Tell me about yourself and walk me through your resume. Explain one project in detail covering: business problem, data sources used, approach taken, tools and technologies, how the output was used by stakeholders, and the business impact. How does your past experience map to a Data Analyst role?"
50,Indium,Data Analyst,Product Analytics,Data Modelling for Client Reporting,Hard,R3 - Technical,"PepsiCo wants a report on how their products perform on Uber Eats. (a) What fact and dimension tables would you use for data modelling? (b) What weekly metrics and KPIs would you track? (c) What Tableau dashboards would you build? Also address: if you need to build dashboards for 5 stakeholders with different budgets, how do you prioritise features and manage expectations?"
1,Indium,Backend Engineer,Java and OOP,Java 8 Plus Features,Medium,R1,"What are the major features introduced in Java 8? Explain Lambda expressions, Functional interfaces, Method references, the Optional keyword, and the Stream API. Also name key additions in Java 11 and Java 17 such as the var keyword, sealed classes, text blocks, and pattern matching."
2,Indium,Backend Engineer,Java and OOP,Streams API,Medium,R1,"Explain how the Java Streams API works. Walk through common operations: map, filter, reduce, collect, and flatMap. How do lazy evaluation and parallel streams work? Write code using lambdas and streams to filter employees earning above average salary and collect their names sorted alphabetically. What are the performance trade-offs vs traditional for-loops?"
3,Indium,Backend Engineer,Java and OOP,Multi-threading and Concurrency,Hard,R1,"Explain multi-threading in Java: how do you create threads using Thread class, Runnable, and Callable? What is the thread lifecycle? How do you handle race conditions using synchronized, volatile, and locks? What is the difference between wait/notify, Semaphore, and CountDownLatch? How would you instantly fix a memory leak in a running Java application?"
4,Indium,Backend Engineer,Java and OOP,String Immutability and Memory,Easy,R1,"Why is String immutable in Java? What are the implications for memory management using String Pool, heap, and stack? When should you use StringBuilder or StringBuffer instead? Explain how Java manages memory generally across heap, stack, and garbage collection."
5,Indium,Backend Engineer,Java and OOP,SOLID Principles and LLD,Hard,R1,"Explain each SOLID principle with a Java code example: Single Responsibility, Open/Closed, Liskov Substitution, Interface Segregation, and Dependency Inversion. Then walk through a Low-Level Design problem that applies these principles such as designing a Parking Lot or Vending Machine."
6,Indium,Backend Engineer,Java and OOP,Design Patterns,Hard,R1,"Explain and implement the Builder Design Pattern in Java with a real-world example such as building a User or Request object. When would you use Builder over a Constructor or Factory? Also explain the Singleton (thread-safe), Observer, and Strategy patterns with use cases for each."
7,Indium,Backend Engineer,Java and OOP,PostgreSQL and Java DB Integration,Medium,R1,"What are the key features of PostgreSQL that differentiate it from MySQL such as JSONB, CTEs, window functions, full-text search, and MVCC? How do you connect two different databases in a single Spring Boot application using @Primary and @Qualifier? What caching strategies such as Redis or in-memory caches are relevant to database-heavy Java applications?"
8,Indium,Backend Engineer,Spring Boot and Microservices,REST API Design,Medium,R1,"How do you design and implement a REST API using Spring Boot? Walk through @RestController, @RequestMapping, @PathVariable vs @RequestParam, @RequestBody, HTTP status codes 2xx, 4xx, 5xx, and exception handling with @ControllerAdvice. How would you implement filtering such as sorting by date or price and pagination on a large dataset endpoint?"
9,Indium,Backend Engineer,Spring Boot and Microservices,Scaling Microservices,Hard,R1,"How do you scale microservices horizontally? Cover load balancing strategies like Round Robin and least-connections, auto-scaling, stateless design, service discovery using Eureka or Consul, API Gateway using Zuul or Spring Cloud Gateway, and the role of Docker and Kubernetes. What are the challenges of distributed systems including consistency and the CAP theorem?"
10,Indium,Backend Engineer,Spring Boot and Microservices,Circuit Breaker and Resilience,Hard,R1,"What is a Circuit Breaker pattern and why is it used in microservices? Explain the three states — Closed, Open, and Half-Open — with an example using Resilience4j or Hystrix. What other resilience patterns exist such as Retry, Bulkhead, Rate Limiter, and Fallback? When would you choose each?"
11,Indium,Backend Engineer,Spring Boot and Microservices,Security,Hard,R1,"How do you secure a microservice? Cover JWT-based authentication, OAuth2 with Spring Security, HTTPS and TLS, API key management, rate limiting, and role-based access control. What is the difference between Authentication and Authorization? How do you prevent common vulnerabilities such as SQL injection, CSRF, and XSS?"
12,Indium,Backend Engineer,Spring Boot and Microservices,System Design — Collaborative Editor,Hard,R2,"Design the high-level system architecture for a real-time collaborative editor like Google Docs. Cover WebSockets vs HTTP polling, conflict resolution using Operational Transformation or CRDT, document versioning for storage design, scalability through sharding and pub-sub with Kafka or Redis, and consistency guarantees."
13,Indium,Backend Engineer,Database and SQL,"Indexing, Partitioning and Query Optimisation",Hard,R1,"Explain the difference between Indexing and Partitioning. What is a Composite Key vs a Composite Index and when would you use each? How does a B-tree index work internally? What are the trade-offs of over-indexing? How do you optimise a slow SQL query using EXPLAIN plan, covering indexes, avoiding SELECT *, and choosing proper joins?"
14,Indium,Backend Engineer,Database and SQL,Window Functions in SQL,Medium,R1,"Write a SQL query using the RANK window function to return the top 3 highest-paid employees in each department while handling ties. Explain the difference between RANK, DENSE_RANK, and ROW_NUMBER — when does each behave differently? Also write a CTE-based query to find the 2nd highest salary per department."
15,Indium,Backend Engineer,JavaScript,Event Loop and Async,Hard,R1 - Technical,"Explain how the JavaScript Event Loop works covering the call stack, Web APIs, callback queue, and microtask queue. Predict the output of: for(var i=0; i<3; i++) { setTimeout(function(){ console.log(i) }, 1000) } and explain why it prints 3, 3, 3 instead of 0, 1, 2. Show how to fix it using let, a closure, or an IIFE."
16,Indium,Backend Engineer,JavaScript,Promises and Async Await,Medium,R1 - Technical,"Explain Promises in JavaScript: what problem do they solve, what are the three states — pending, fulfilled, and rejected — and how does chaining work with .then, .catch, and .finally? What is the difference between Promise.all, Promise.race, and Promise.allSettled? How does async/await simplify promise handling?"
17,Indium,Backend Engineer,JavaScript,"this Keyword, Arrow Functions and Closures",Hard,R1 - Technical,"Predict the output of two code snippets: (a) an arrow function greet on a person object that logs this.name, (b) a regular function greet on a person object that logs this.name. Explain how 'this' is determined in arrow vs regular functions, what closures are, and how call, apply, and bind work with prototype."
18,Indium,Backend Engineer,JavaScript,"Type Coercion, Hoisting and ES6",Medium,R1 - Technical,"Explain: (a) Type Coercion — implicit vs explicit with 3 surprising examples such as '5' + 3 vs '5' - 3. (b) Type Inference in JavaScript. (c) Hoisting — how var, let, const, and function declarations are hoisted differently. Also cover key ES6 features including destructuring, spread and rest operators, template literals, default parameters, and modules."
19,Indium,Backend Engineer,JavaScript,"Debouncing, Throttling and Currying",Hard,R1 - Technical,"Explain the difference between debouncing and throttling with real-world use cases such as a search input vs a scroll handler. Write a debounce function from scratch. Implement: (a) a curried function that supports add(5)(6)(7)(8)(9)(10)() and returns the total, (b) a function that flattens a nested JavaScript object."
20,Indium,Backend Engineer,JavaScript,"JSON, Destructuring and Linked List",Medium,R1 - Technical,"Explain JSON objects and destructuring in JavaScript covering object and array destructuring, nested destructuring, default values, and renaming. Also solve: (a) find duplicates in a linked list, (b) find the maximum length subarray without repeating elements using the sliding window approach. Write the code and explain time complexity for each."
21,Indium,Backend Engineer,React,Functional Components and Hooks,Medium,R1,"Why are functional components preferred over class components? What is componentWillReceiveProps and what replaces it in functional components? Explain useState, useEffect, useContext, and useRef. What happens if you pass a string instead of an array as the second argument to useEffect? What are the rules of hooks?"
22,Indium,Backend Engineer,React,Performance — useCallback and useMemo,Hard,R1,"What is the difference between useCallback and useMemo? When should you use each? What problems do they solve such as unnecessary re-renders and expensive recalculations? How does React.memo work? Implement: (a) debouncing on a search input to optimise API calls, (b) lazy loading of components using React.lazy and Suspense."
23,Indium,Backend Engineer,React,Coding — Timer and Bank Account,Hard,R1,"Implement two React components from scratch: (a) A countdown timer that starts at 10 seconds, decrements every second, and has Start, Stop, and Reset buttons with correct state management. (b) A bank account system that handles 4 withdrawal scenarios — normal withdrawal, overdraft, concurrent withdrawals, and zero balance — with correct state updates and constraints."
24,Indium,Backend Engineer,React,Debugging and DevTools,Medium,R1,"You are given a broken React application with issues: components not rendering correctly, state updates not reflecting on the UI, and build or start errors. Walk through your debugging approach covering React DevTools, browser console, checking prop drilling vs Context, identifying stale closures, fixing useEffect dependency arrays, and resolving Webpack or build errors."
25,Indium,Backend Engineer,Behavioural,Challenges and Career Journey,Easy,R3 - Behavioral,"What are the biggest technical or professional challenges you have faced in your career or academic journey and how did you overcome them? Be specific: describe the situation, what made it difficult, your approach, and what you learned. How do you handle ambiguous technical requirements or disagreements with teammates?"
1,MountBlue,SDE - Q1,Patterns,Star & Number Patterns,Easy,R1 - Technical,"Write programs to print the following patterns for a given N: (a) Right-angled triangle using stars (*). (b) Pyramid using stars. (c) Inverted pyramid using stars. (d) Palindrome number rows pattern: 11 / 1221 / 123321. For each, explain your outer vs inner loop logic and what changes per row."
2,MountBlue,SDE - Q1,Patterns,Binary & Mixed Patterns,Medium,R1 - Technical,"Print the following pattern for N=5: *****1 / ****01 / ***010 / **1010 / *10101 (alternating stars and 0/1). Also print: (a) A right-triangle with a trailing 0 per row (1 0 / 1 1 0 / ...). (b) A pyramid of alternating bits where the starting bit flips each row. Explain how you decide whether each position gets a *, 0, or 1."
3,MountBlue,SDE - Q1,Patterns,Half-Triangle & Two-Pointer Print,Medium,R1 - Technical,"Write a program to print a half-triangle where numbers follow odd/even rules based on the row index. Also implement a two-pointer print on an array: print first, last, second, second-last alternately until all elements are printed. Discuss how this two-pointer pattern generalises to other array traversal problems."
4,MountBlue,SDE - Q1,Strings,Longest Substring — Sliding Window,Medium,R1 - Technical,"Write algorithms for: (a) Longest substring WITHOUT repeating characters using sliding window and HashMap — state time and space complexity. (b) Minimum number of insertions to make a string a palindrome. (c) Longest palindromic substring. For each, justify whether a sliding window or DP approach is preferred and why."
5,MountBlue,SDE - Q1,Strings,Vowel Sequences & Subsequences,Hard,R1 - Technical,"Solve: (a) Find the longest subsequence where vowels appear strictly in order A->E->I->O->U (duplicates allowed). (b) Count substrings containing ALL five vowels at least once with no consonants. (c) Count vowels appearing in correct alphabetical order a->e->i->o->u in a given string. For each, explain your approach (DP vs sliding window) and state time complexity."
6,MountBlue,SDE - Q1,Strings,String Scoring & Character Values,Medium,R1 - Technical,"Solve: (a) Given a sentence, compute the sum of alphabetical positions (a=1, z=26) per word — if the word is ALL CAPS, double the sum and print the total. (b) Scoring with sign: uppercase letters contribute positive value, lowercase contribute negative value — compute total score. (c) Modified base: a=29, b=30, ... — compute the summation. Discuss how to handle mixed-case and special characters."
7,MountBlue,SDE - Q1,Strings,Word Reordering & Transformation,Medium,R1 - Technical,"Solve: (a) Each word in a sentence contains exactly one digit representing its correct position — rearrange words accordingly. E.g., 'is2 Thi1s T4est 3a' becomes 'This is a Test'. (b) Expand '3Mat' to 'MMMaaattt' by applying the digit as a repeat count to each character. (c) Given a string of vowels with extras, keep each vowel exactly once and rearrange in order a, e, i, o, u. For each, identify the most suitable data structure and justify."
8,MountBlue,SDE - Q1,Strings,Anagrams & Palindrome Checks,Medium,R1 - Technical,"Solve: (a) Two numeric strings are 'similar' if they consist of the same digits with the same frequency — write an anagram-check function and state time complexity. (b) Given two character lists, construct the longest palindrome using elements from both lists — return its length. (c) Given an array of strings, determine if any combination or concatenation of strings forms a palindrome. State time complexity for each."
9,MountBlue,SDE - Q1,Strings,Stack-Based String Decoding,Hard,R1 - Technical,"Solve using a stack: (a) Decode a string where k[substring] means substring repeated k times — handle nested brackets, e.g., '3[a2[c]]' becomes 'accaccacc'. (b) Count valid parenthesis pairs in a string. (c) Score a balanced parentheses string using rules: ()=1, (A)=2*score(A), AB=score(A)+score(B). Walk through the stack state step-by-step for a nested input."
10,MountBlue,SDE - Q1,Arrays,Two Sum & HashMap Patterns,Medium,R1 - Technical,"Solve: (a) Two Sum — given an array and target, find indices of two numbers summing to target using a HashMap and state time and space complexity. (b) Longest subarray with sum equal to zero — use prefix sum with HashMap and explain the approach. (c) Maximum sum subsequence NOT equal to k — describe your greedy or DP strategy. For each, discuss how duplicate values and negative numbers affect correctness."
11,MountBlue,SDE - Q1,Arrays,Array Traversal & Special Elements,Medium,R1 - Technical,"Solve: (a) Reverse an array while keeping fixed 'constant' elements in place — only non-constant elements are reversed using two pointers. (b) Find all elements strictly greater than both their immediate left and right neighbours. (c) Return all elements of an m x n matrix in spiral order. For each, state time complexity and explain your loop termination logic."
12,MountBlue,SDE - Q1,Arrays,Greedy — Candy Distribution,Hard,R1 - Technical,"N children stand in a line with ratings. Distribute the minimum number of candies such that every child gets at least 1 candy and any child with a higher rating than a neighbour gets more candies than that neighbour. Solve using two passes (left-to-right then right-to-left), walk through ratings [1, 0, 2], and state time and space complexity. Follow-up: Solve the Coin Change problem — given denominations and target T, find the minimum number of coins using DP."
13,MountBlue,SDE - Q1,Arrays,Graph BFS — Rotting Oranges,Hard,R1 - Technical,"Given an m x n grid where 0=empty, 1=fresh orange, 2=rotten orange — every minute, rotten oranges rot all 4-directionally adjacent fresh oranges. Return the minimum minutes until no fresh orange remains, or -1 if impossible. Solve using multi-source BFS, walk through the queue state step-by-step, and state O(m*n) time and space complexity. Follow-up: A frog can jump from stone i to i+1 or i+2 — determine if it can reach the last stone using DP or greedy."
14,MountBlue,SDE - Q1,Dynamic Programming,LCS & Queue-Based Problems,Hard,R1 - Technical,"Solve: (a) Longest Common Subsequence (LCS) of two strings — write the DP solution, explain the recurrence relation, and state O(m*n) time and space complexity. (b) Extension: if you can pick at most k substrings from s1 and rearrange them, what is the maximum LCS length with s2? (c) Remove First Repeated Character — given [A, A, A, E, I, A], remove the first character that repeats later. Explain which data structure (queue or deque) you would use and why."
15,MountBlue,SDE - Q1,Dynamic Programming,Merge Intervals & Second Largest,Medium,R1 - Technical,"Solve: (a) Find the second largest element in an array — discuss O(n) single-pass, min-heap, and sorting approaches and state which is preferred in interviews. (b) Find the second non-repeating character in a string that may contain spaces — return the character that appears exactly twice. (c) Merge Intervals — given a list of intervals, merge all overlapping ones using a sort-and-scan approach and state O(n log n) complexity."
16,MountBlue,SDE - Q1,Java and OOP,Abstract Classes & Interfaces,Medium,R1 - Technical,"Explain and contrast: (a) Abstract class vs Interface — when to use each, covering constructors, multiple inheritance, default methods, and state. (b) Abstract method vs concrete method — what must a subclass implement? (c) Single Abstract Method (SAM) interface — what is it and how does it relate to Java lambda expressions? (d) The final keyword in Java — explain final variable, final method, and final class with usage examples and restrictions."
17,MountBlue,SDE - Q1,Java and OOP,Polymorphism — Overloading & Overriding,Medium,R1 - Technical,"Explain polymorphism in Java: (a) Method Overloading — same method name with different parameters, resolved at compile time. Write 3 distinct examples. (b) Method Overriding — same signature in a subclass, with rules on @Override, access modifiers, covariant return types, and exceptions. (c) Runtime polymorphism (dynamic dispatch) — write a code example using a parent reference pointing to a child object. Clearly distinguish compile-time from runtime polymorphism."
18,MountBlue,SDE - Q1,Java and OOP,Spring Boot & Microservices,Hard,R1 - Technical,"Explain: (a) Spring vs Spring Boot — why is Spring Boot preferred, covering auto-configuration, embedded server, and starters. (b) ApplicationContext in Spring Boot — how it manages beans and how it differs from BeanFactory. (c) @Transactional annotation — how it works internally via AOP proxy, propagation levels, and rollback rules. (d) MDC (Mapped Diagnostic Context) — what it is and how it is used in distributed logging and tracing. (e) Microservices architecture — explain the pattern, inter-service communication (REST, gRPC, messaging), and share your implementation experience."
19,MountBlue,SDE - Q1,Java and OOP,Functional Java & Design Concepts,Medium,R1 - Technical,"Explain: (a) Callbacks in Java — how to implement using interfaces or lambdas with a code example. (b) Prototype pattern — when to use it and how Java's clone() works, covering shallow vs deep copy. (c) High cohesion in design — what it means and why it matters for maintainability. (d) Java 8 functional interfaces — give examples of Predicate, Function, Consumer, and Supplier with short code snippets. Connect how SAM interfaces, callbacks, and the Stream API relate to each other."
20,MountBlue,SDE - Q1,Behavioural,Introduction & Career Goals,Easy,R2 - Technical,"Prepare structured 60-to-90-second answers for: (a) Describe yourself and your background — cover education, key technical skills, and what excites you about software engineering. (b) What are your 5-year career goals — address technical depth, leadership ambitions, and domain interests. (c) Tell us about your family background — keep it brief and professional. (d) What activities did you participate in during college — connect them to teamwork, problem-solving, or leadership. Use the STAR format (Situation, Task, Action, Result) wherever applicable."
1,Techmojo,Backend Engineer,Kafka and Data Engineering,Kafka Fundamentals,Medium,R1 - Technical,"Explain Apache Kafka end-to-end: what are topics, brokers, producers, consumers, partitions, and consumer groups? How does Kafka ensure message ordering within a partition? What is the role of offsets and how do they enable fault tolerance and replayability?"
2,Techmojo,Backend Engineer,Kafka and Data Engineering,Kafka Partitioning and Consumer Groups,Hard,R2 - Technical,How does Kafka partitioning work and why is it used for scalability? Explain the relationship between partitions and consumer groups. What happens when a consumer goes down — how does Kafka handle rebalancing? Also explain idempotency in Kafka producers and why it matters.
3,Techmojo,Backend Engineer,Java and OOP,"Collections — HashMap, LinkedHashMap and ConcurrentHashMap",Medium,R1 - Technical,"Explain the internal working of a HashMap in Java: how does hashing work, what happens during collisions, and how does it resize? What is the difference between HashMap, LinkedHashMap, ConcurrentHashMap, and Hashtable? When would you choose each? Also explain the difference between Comparable and Comparator interfaces."
4,Techmojo,Backend Engineer,Java and OOP,Java Streams API,Medium,R1 - Technical,"How do you use the Java Streams API — specifically filter(), map(), collect(), reduce(), and flatMap()? Write a code snippet using Streams to process a list of employees: (a) filter employees in a given department, (b) calculate total salary department-wise, (c) collect names sorted alphabetically. What are the performance considerations of Streams vs traditional loops?"
5,Techmojo,Backend Engineer,Java and OOP,Multithreading and ExecutorService,Hard,R1 - Technical,"How does multithreading work internally in Java? Explain the difference between synchronized, volatile, and ReentrantLock — when should you use each? What is the purpose of ExecutorService and how does it manage thread pools? Also predict the output of: int x=5; int y=x++; int z=++x+y++; System.out.println(x+"", ""+y+"", ""+z);"
6,Techmojo,Backend Engineer,Java and OOP,Java Annotations and Spring Boot Basics,Medium,R1 - Technical,"Explain commonly used Java and Spring Boot annotations: @Override, @Deprecated, @SuppressWarnings, @Component, @Service, @Autowired, @RestController, @Configuration, and @Bean. What is the difference between marker, single-value, and full annotations? Also explain Dependency Injection in Spring Boot — how does the ApplicationContext manage beans and resolve conflicts when multiple implementations exist?"
7,Techmojo,Backend Engineer,Java and OOP,"Spring Boot — Transactions, Singleton and Design Patterns",Hard,R2 - Technical,"Explain transaction management in Spring: how does @Transactional work, what are propagation levels, and when does a rollback occur? Where is the Singleton pattern used in Java and Spring? Explain the Singleton Design Pattern and how to make it thread-safe. Also explain how Java Streams are used in a Spring Boot application with a practical example."
8,Techmojo,Backend Engineer,Spring Boot and Microservices,Inter-service Communication and Fault Tolerance,Hard,R1 - Technical,"In a microservices-based application, how would you design inter-service communication and ensure fault tolerance? Compare REST, gRPC, and message queues such as Kafka and RabbitMQ. How would you implement a circuit breaker, retry mechanism, and service discovery using Spring Cloud, Eureka, and Resilience4j? How do you call a third-party API from Java using RestTemplate, WebClient, or Feign — including retry logic up to 3 times on failure?"
9,Techmojo,Backend Engineer,Spring Boot and Microservices,REST API Design Principles,Medium,R2 - Technical,"What are the key REST API design principles — idempotency, statelessness, versioning, and correct use of HTTP methods? Describe how you would design and implement a Java HTTP endpoint that calls an external API, processes the JSON response, and filters results based on conditions such as population greater than a threshold. What HTTP status codes apply to each scenario?"
10,Techmojo,Backend Engineer,Spring Boot and Microservices,AWS Services for Backend,Hard,R3 - Technical,"Which AWS services would you use to build a scalable backend system? Cover compute (EC2, Lambda, ECS), storage (S3, RDS, DynamoDB), messaging (SQS, SNS), API management (API Gateway), and monitoring (CloudWatch). How would you design for high availability and auto-scaling? Where would you use managed Kafka (MSK) vs SQS for event-driven architecture?"
11,Techmojo,Backend Engineer,High Level Design,Notification Service,Hard,R2 - Technical,"Design a scalable, fault-tolerant notification service. Walk through: core components (API layer, message queue, delivery workers), data flow, delivery channels (push, email, SMS), deduplication, retry logic, and strategies for ensuring high throughput. How would you handle millions of notifications per day without dropping messages?"
12,Techmojo,Backend Engineer,High Level Design,Rewards Microservice and Payment System,Hard,R2 - Technical,"Design two systems: (a) A rewards microservice for an e-commerce platform — cover how rewards are earned, stored, redeemed, and expired. What databases, caching, and consistency guarantees would you use? (b) A payment application — cover transaction flow, idempotency, failure handling, ledger design, and fraud detection. How do you ensure exactly-once payment processing?"
13,Techmojo,Backend Engineer,High Level Design,Rate Limiter and Typeahead Search,Hard,R2 - Technical,"Design a rate limiter: explain the token bucket and leaky bucket algorithms, where the rate limiter sits in the architecture (API gateway vs in-process), how to handle distributed rate limiting across multiple servers using Redis, and how to communicate throttling to clients. Also design a Google Typeahead (autocomplete) system: cover trie vs ranked prefix search, caching, and how to handle millions of concurrent queries."
14,Techmojo,Backend Engineer,High Level Design,Web Crawler,Hard,R2 - Technical,"Design a web crawler similar to Google. Cover: URL frontier (BFS queue), distributed fetcher workers, robots.txt compliance, duplicate URL detection using a Bloom filter, HTML parsing, content storage, and politeness policies. How do you scale to crawl billions of pages? How do you avoid crawler traps and handle dynamic JavaScript-rendered content?"
15,Techmojo,Backend Engineer,DSA,Binary Search Variants,Hard,R1 - Technical,"Solve these binary search problems: (a) Find the first and last occurrence of a target in a sorted array. (b) Search for a target in a rotated sorted array of distinct integers. (c) Given a sorted m x n matrix where each row is sorted and the first element of each row is greater than the last element of the previous row, determine if a target exists. For each, state time complexity O(log n) and explain how the binary search condition changes."
16,Techmojo,Backend Engineer,DSA,Arrays — Sliding Window and Sorting,Medium,R1 - Technical,"Solve: (a) Given an array, a window size k, and a target t, use the sliding window technique to calculate the average of every contiguous subarray of size k and return a boolean array where true means the average is strictly greater than t. (b) Sort an array and find the maximum difference between any two consecutive elements. (c) Find the first non-repeating element in an array — state time and space complexity for each."
17,Techmojo,Backend Engineer,DSA,"Graphs — BFS, DFS and Cycle Detection",Hard,R2 - Technical,"Solve: (a) Given a network of nodes, use BFS to print all nodes level by level where each level is printed in ascending order. (b) Given an undirected graph, detect whether it contains a cycle using either DFS or Union-Find. (c) Given a 2D matrix of letters, use DFS or BFS to traverse all connected occurrences of a selected character and mark the region with a unique identifier. State time complexity for each and explain adjacency list vs matrix tradeoffs."
18,Techmojo,Backend Engineer,DSA,"Stacks, Priority Queue and DP",Hard,R1 - Technical,"Solve: (a) Valid Parentheses — given a string of brackets, determine if it is valid using a stack. (b) Connect n ropes of different lengths into one rope with minimum cost using a min-heap (priority queue) — the cost of connecting two ropes equals the sum of their lengths. (c) Subset Sum — given an array and target, determine if any subset sums to the target using DP. (d) Given an array, use pick or non-pick decisions to maximise a selection objective. State time and space complexity for each."
19,Techmojo,Backend Engineer,DSA,Strings — Roman Numerals and Sorting,Medium,R1 - Assessment,"Solve: (a) Convert a Roman numeral string to an integer (I=1, V=5, X=10, L=50, C=100, D=500, M=1000 — subtract if smaller value precedes larger). (b) Given a list of strings like ['John X', 'John V', 'John IX'], sort them by the integer value of the Roman numeral component. (c) Check whether a given string contains only unique characters — write the function and state time and space complexity."
20,Techmojo,Backend Engineer,DSA,Trees — Level Order Traversal,Medium,R1 - Technical,"Given a binary tree, write a function to return the level order traversal (BFS) of the tree as a list of lists. How would you modify your approach if the tree is extremely deep or unbalanced? Explain the difference between BFS and DFS traversal and give real-world scenarios where you would prefer each."
21,Techmojo,Backend Engineer,Database and SQL,SQL Joins and Filtering,Medium,R1 - Technical,"Explain the difference between INNER JOIN, LEFT JOIN, RIGHT JOIN, and FULL OUTER JOIN with examples. Write an SQL query to list all customers who placed orders in the last 30 days — include customers who have never placed an order and explain your join choice. Also write a query using aggregate functions with GROUP BY to summarise data by a category."
22,Techmojo,Backend Engineer,Database and SQL,SQL Ordering and Stored Procedures,Medium,R2 - Technical,"Write SQL queries for: (a) Display employee records ordered by salary descending, then by name ascending, then by ID ascending for ties. (b) Order employee records by the last three letters of the employee name, then by salary ascending, then by ID ascending. (c) Write a stored procedure that takes a customer_id as input and returns the total order amount from an Orders table — explain how stored procedures improve performance and security."
23,Techmojo,Backend Engineer,Database and SQL,WHERE vs HAVING and Query Execution,Medium,R1 - Technical,"What is the difference between WHERE and HAVING clauses in SQL? How does SQL query execution order — FROM, JOIN, WHERE, GROUP BY, HAVING, SELECT, ORDER BY — affect their behaviour? Provide an example where using WHERE instead of HAVING would cause incorrect results, and vice versa."
24,Techmojo,Backend Engineer,Behavioural,"Salary, Policies and Career Expectations",Easy,R3 - Behavioral,"Prepare clear answers for: (a) What are your salary expectations — research the market range for your experience level and state a well-justified number or band. (b) Are you comfortable with the company work policies and joining formalities — address notice period, relocation, shift timings, or any constraints upfront. (c) Walk through your current project architecture highlighting your key contributions and technical decisions."
25,Techmojo,Backend Engineer,Low Level Design,String Coupon Scoring and Prime Split,Hard,R2 - Technical,"Solve two coding problems: (a) Given a coupon code string, calculate its total value where each character contributes (frequency of character * index raised to a power) — implement this efficiently and discuss time complexity. (b) Given a string of digits, determine if it can be split into contiguous substrings where each substring represents a prime number and no substring has leading zeros — return true or false using DP."
1,Flipkart,Backend Engineer,DSA,Two Sum and Array Pairs,Medium,R1 - Technical,Solve the Two Sum problem three ways: (a) Brute force — check all pairs in O(n2). (b) Optimised using a HashMap — store each number and check if the complement exists in O(n). (c) Two-pointer approach on a sorted array in O(n). Also solve: find the first non-repeating element in an array and find a pair using HashMap directly. For each approach state time and space complexity.
2,Flipkart,Backend Engineer,DSA,Sliding Window and Subarray Problems,Hard,R1 - Technical,"Solve: (a) Minimum window substring — given string s and pattern p, find the smallest window in s containing all characters of p using a sliding window. (b) Minimum length subarray whose sum is greater than or equal to k. (c) Longest subarray of consecutive numbers in increasing order. For each, explain the two-pointer or sliding window strategy and state O(n) time complexity."
3,Flipkart,Backend Engineer,DSA,Prefix Sum and Range Queries,Medium,R1 - Technical,"Given an array of integers and multiple queries where each query provides indices L and R, return the sum of elements between L and R inclusive. Optimise using a prefix sum array so each query is answered in O(1) after O(n) preprocessing. Walk through the construction of the prefix array and explain how to handle edge cases like L=0."
4,Flipkart,Backend Engineer,DSA,Binary Search on Answer,Hard,R1 - Technical,"Solve two binary search on answer problems: (a) Ship within D days — given weights[] and days, find the minimum ship capacity so all weights are transported in order within the given days. (b) Painter partition — divide an array into K contiguous partitions to minimise the maximum partition sum. For each, explain how to define the search space, write the feasibility check function, and state O(n log n) complexity."
5,Flipkart,Backend Engineer,DSA,Dynamic Programming — Trapping Rain Water,Hard,R1 - Technical,"Solve the Trapping Rain Water problem: given an array of non-negative integers representing wall heights, calculate the total water trapped after raining. Solve it three ways: (a) Brute force using nested loops in O(n2). (b) Precomputed left-max and right-max arrays in O(n) time and O(n) space. (c) Two-pointer approach in O(n) time and O(1) space. Walk through an example and explain why the two-pointer approach is optimal."
6,Flipkart,Backend Engineer,DSA,Stack and Nearest Greater Element,Medium,R1 - Technical,"Solve: (a) Valid Parentheses — given a string of brackets (){}[], determine if it is valid using a stack. (b) Nearest greater element — given an array, for each element find the maximum element closest to each element's index. Explain how a monotonic stack solves the nearest greater problem in O(n) compared to O(n2) brute force. State time and space complexity for each."
7,Flipkart,Backend Engineer,Java and OOP,OOP Principles and Core Concepts,Medium,R1 - Technical,"Explain core Java OOP concepts with code examples: (a) Abstraction vs Inheritance — what is the conceptual difference and when do you use each? (b) Access modifiers — public, private, protected, and package-private — and how each controls visibility within packages and subclasses. (c) Explain the meaning of each keyword in public static void main(String[] args). (d) Core Java collections — when do you use ArrayList vs LinkedList vs HashMap?"
8,Flipkart,Backend Engineer,Java and OOP,Exception Handling,Medium,R1 - Technical,"Explain Java exception handling in depth: (a) Difference between checked and unchecked exceptions — give two examples of each. (b) How try, catch, finally, throw, and throws work together with a code example. (c) Can you write a finally block without catch? When does finally NOT execute? (d) Explain the purpose of a final block vs the final keyword vs the finally block — three distinct concepts with examples."
9,Flipkart,Backend Engineer,Java and OOP,"HashMap — Iteration, hashCode and equals",Medium,R1 - Technical,"Explain: (a) How to iterate over a HashMap in Java — using entrySet(), keySet(), values(), and forEach with a lambda. (b) The hashCode() and equals() contract — what is the contract, why must you override both together, and what breaks if you override only one? (c) The internal working of HashMap — hashing, collision resolution via chaining, and resizing behaviour."
10,Flipkart,Backend Engineer,Java and OOP,Spring Boot — Annotations and Auto-configuration,Medium,R1 - Technical,"Explain Spring Boot fundamentals: (a) Commonly used annotations — @RestController, @Service, @Repository, @Autowired, @Component — and their purposes. (b) How Spring Boot auto-configuration works and how it reduces boilerplate configuration using @SpringBootApplication and conditional beans. (c) How to build REST APIs using Java and Spring Boot — explain the full request lifecycle from controller to service to repository."
11,Flipkart,Backend Engineer,Spring Boot and Microservices,Microservices Architecture and API Gateway,Hard,R2 - Technical,"Explain microservices architecture end-to-end: (a) What are microservices and how do services interact in a distributed system? (b) Compare synchronous REST communication vs asynchronous messaging via Kafka or RabbitMQ — when do you choose each? (c) What is an API Gateway — what role does it play (routing, auth, rate limiting, load balancing) and what are common use cases? (d) How do you design and implement a Product API — include request body, validations, and database flow."
12,Flipkart,Backend Engineer,Spring Boot and Microservices,"Rate Limiter, Saga Pattern and Design Decisions",Hard,R2 - Technical,"Explain: (a) How to implement a rate limiter in a microservices system to prevent API abuse — cover token bucket or sliding window algorithms and where to place the limiter. (b) The Saga pattern — what problem does it solve for distributed transactions, and explain the choreography vs orchestration approaches with a real-world e-commerce example. (c) How do you handle situations where a design decision such as choosing a technology or microservices pattern was challenged by your team?"
13,Flipkart,Backend Engineer,Kafka and Data Engineering,Kafka with Microservices,Medium,R1 - Technical,"Explain Kafka in the context of microservices: (a) What are the key components of Kafka — producers, consumers, topics, partitions, and brokers — and how do they work together? (b) How does Kafka integrate with microservices and how do services communicate using Kafka topics? (c) Compare Kafka-based async communication with REST-based sync communication — when would you use each in a production system?"
14,Flipkart,Backend Engineer,Database and SQL,SQL Joins and Query Writing,Medium,R1 - Technical,"Write and explain SQL queries for: (a) All types of joins — INNER, LEFT, RIGHT, FULL OUTER, CROSS, and SELF JOIN — with code snippets and the scenario where each is used. (b) Optimised query to fetch the top N records from a large table based on a condition — explain how to improve performance using indexes, LIMIT, and avoiding full table scans. (c) General SQL query writing and database management concepts."
15,Flipkart,Backend Engineer,Linux and Scripting,Linux Commands and File Operations,Easy,R1 - Technical,"Answer these Linux and scripting questions: (a) Which command creates a new directory and how do you navigate into it? (b) How do you open, edit, save, and execute a file from the Linux terminal — cover vi, nano, and bash execution. (c) What basic Linux commands do you use in development and debugging — cover ls, grep, ps, kill, tail, chmod, and curl. (d) Write a script to delete all files in a directory that were last modified more than 30 days ago — handle multiple file types using timestamps."
16,Flipkart,Backend Engineer,Linux and Scripting,Python Scripting and File Handling,Medium,R1 - Technical,"Solve these Python scripting tasks: (a) Implement functionality similar to the Linux grep command — search for a pattern in a file using Python and return matching lines. (b) Given a local file containing key-value pairs, read the file, iterate over its contents, and find a specific key-value pair. (c) Write a script to manage files in a directory containing zip files, text files, and backup files — demonstrate use of iterators and generators where applicable."
17,Flipkart,Backend Engineer,Behavioural,Project Walkthrough and Architecture,Easy,R1 - Technical,"Prepare structured answers for: (a) Brief self-introduction covering your background, role, and core strengths. (b) Walk through your key project — what problem it solved, the architecture you chose, your specific contributions, APIs worked on, and real-time challenges faced. (c) What technical or design decisions in your project had the biggest impact on the outcome and why? Use STAR format (Situation, Task, Action, Result) for each answer."
18,Flipkart,Backend Engineer,Behavioural,"Experience, Responsibilities and Ownership",Easy,R2 - Technical,"Prepare answers for: (a) Describe your role and responsibilities in your previous organisation — cover ownership areas, team size, and delivery scope. (b) Explain what you built or created independently — focus on initiative, design decisions, and impact. (c) Tell me about a complex project — the hardest technical challenge you faced, how you diagnosed it, the solution you implemented, and what you would do differently. (d) How have you used your primary language (Java, Python, or others) to solve real-world business problems?"